instrument,phase,strategy,total_return,cagr,ann_vol,sharpe,sortino,max_drawdown,calmar,exposure,n_trades,win_rate,profit_factor,avg_trade_return,avg_bars_held,trades_per_year,params
GOLD,walk_forward,tsmom,4.269415832286256,0.07948044993763537,0.14629763431060858,0.5962520086297216,0.6358118118892157,-0.32302283983547897,0.2460521057214286,0.6471877282688093,158,0.4177215189873418,2.226028847182189,0.01340757017624195,22.424050632911392,7.27100073046019,
GOLD,walk_forward,macd_momentum,1.5139126132455853,0.04333484382390207,0.1350251971656477,0.3818877592758688,0.4119309542942477,-0.3534373006729711,0.12260970684585154,0.6101168736303871,339,0.4778761061946903,1.397491588935472,0.0038430902181842202,9.85250737463127,15.600438276113952,
GOLD,walk_forward,donchian_breakout,1.3191562352124708,0.039470380357260026,0.12577765452835857,0.37106224478235467,0.3238327485978093,-0.289384064026592,0.1363944503648723,0.46877282688093497,123,0.45528455284552843,1.520217906504262,0.006830937244847416,20.869918699186993,5.660336011687363,
GOLD,walk_forward,ma_cross,1.116728398485701,0.035110660340655686,0.1462883316659423,0.30939886743740164,0.3291709538337608,-0.48463135723641704,0.07244818111001369,0.668736303871439,108,0.4166666666666667,2.0561584950372493,0.017198821105613535,33.907407407407405,4.970051132213294,
GOLD,walk_forward,double_low,0.6175674733517622,0.022378333786050142,0.08713033108729314,0.29766792572927203,0.19654056078874352,-0.2863792536258939,0.07814230082212469,0.2293644996347699,154,0.6688311688311688,1.6246173525484868,0.005319570616925132,8.155844155844155,7.086924762600438,
GOLD,walk_forward,rsi_reversion,0.2867347066712156,0.011669306911543664,0.06837843785205676,0.20399037372740642,0.0913411957161949,-0.16725961788768773,0.0697676286656318,0.11340394448502557,85,0.6823529411764706,1.7125086507913387,0.00573630374319478,7.305882352941176,3.911614317019722,
GOLD,walk_forward,bollinger_reversion,0.18889890211841576,0.007994340560435687,0.057866936179185265,0.16681880231813043,0.06422030769548702,-0.1650260029717684,0.04844291454967438,0.0945945945945946,71,0.6619718309859155,1.5854744153257436,0.00414096960522651,7.295774647887324,3.2673484295105917,
GOLD,walk_forward,buy_hold,9.318629691531662,0.11338627647262367,0.18284403958162854,0.6792544398695629,0.890437996492288,-0.4436384411173203,0.25558262306362817,0.99981738495252,1,1.0,,9.318629691531681,5475.0,0.04601899196493791,
GOLD,in_sample,tsmom,6.644520361533625,0.08225927701982427,0.14753302942257446,0.609978403987189,0.6654598007308362,-0.3295631351082188,0.2496009664212375,0.6967921036397285,102,0.4117647058823529,4.372845466432356,0.028109948394732128,44.294117647058826,3.9642196175200493,"{""lookback"": 120, ""trend_n"": 0, ""allow_short"": false}"
GOLD,in_sample,ma_cross,3.5529351610851583,0.06068012419992885,0.13819025831458606,0.4956987430848153,0.49922654435820496,-0.3617929111154694,0.16772060019872045,0.5788093769278223,115,0.4434782608695652,2.4885183604211747,0.017537700654890603,32.63478260869565,4.469463294262801,"{""fast"": 5, ""slow"": 50, ""use_ema"": false, ""allow_short"": false}"
GOLD,in_sample,macd_momentum,2.899874940647572,0.05431679441912163,0.1256671596855291,0.4839030246654495,0.4920675780036099,-0.22922199792635067,0.23696152599007397,0.5191239975323874,311,0.42765273311897106,1.7620183949595833,0.007013917535203381,10.82315112540193,12.086983343615051,"{""fast"": 8, ""slow"": 17, ""signal"": 9, ""allow_short"": false}"
GOLD,in_sample,rsi_reversion,0.7320113818431893,0.021577338077629626,0.048115289888804376,0.4676504601063157,0.17784032422399293,-0.11164283148878462,0.19327114683397506,0.06307834669956817,54,0.7407407407407407,3.517504606365559,0.012529598699262201,7.574074074074074,2.0987045033929674,"{""rsi_n"": 3, ""entry"": 10, ""exit_level"": 70, ""trend_n"": 200}"
GOLD,in_sample,donchian_breakout,2.4889043094911782,0.049763709365978404,0.13762490559041332,0.422011591952688,0.4222778800111113,-0.35206436490952053,0.14134832810690034,0.5746452806909316,82,0.47560975609756095,2.2704884797715055,0.019895236930962887,45.4390243902439,3.186921653300432,"{""entry_n"": 20, ""exit_n"": 20, ""allow_short"": false}"
GOLD,in_sample,double_low,1.2917535614674747,0.03275638660992852,0.08962857903930102,0.404476618481411,0.2774041889289644,-0.2463878886527453,0.13294641546319994,0.24290561381863046,158,0.6645569620253164,1.9258015562773685,0.007699757230633065,9.968354430379748,6.140653917334978,"{""n"": 10, ""trend_n"": 200}"
GOLD,in_sample,bollinger_reversion,0.5701143529497963,0.017688458825789066,0.05149328846519203,0.3663741470863382,0.1421558607394071,-0.1949125817125239,0.09075072871323274,0.08821714990746453,55,0.6909090909090909,2.5547105147009557,0.010600421644117357,10.4,2.137569401603948,"{""n"": 20, ""k"": 2.0, ""trend_n"": 200}"
NVDA,walk_forward,donchian_breakout,205.85856516244576,0.2560028453132581,0.34503889452041286,0.8298176734899468,0.9963793077757522,-0.691637237224262,0.3701403445839191,0.5589482612383376,115,0.4608695652173913,3.1710937146848086,0.06738492463945633,28.652173913043477,4.916030534351145,
NVDA,walk_forward,tsmom,229.29284771208154,0.2617780876622766,0.37418860152436884,0.8059072831249218,1.0182935472294459,-0.6024094687484274,0.4345517480097876,0.6797285835453775,241,0.4190871369294606,3.1820717920035326,0.05851610779844309,16.62240663900415,10.302290076335877,
NVDA,walk_forward,ma_cross,59.65644688570492,0.19183075433998242,0.39110185449783125,0.6426543751994063,0.8276840750427122,-0.6499205251745634,0.29516032639292045,0.7525021204410517,134,0.44029850746268656,2.688281120017513,0.06464002594896637,33.1044776119403,5.72824427480916,
NVDA,walk_forward,double_low,5.221070879621583,0.08127514510973044,0.24581353411033843,0.4390930934436732,0.3384741250194591,-0.5196442924707371,0.15640534551682259,0.24698897370653095,241,0.6556016597510373,1.6659747543114616,0.011794561098289027,6.04149377593361,10.302290076335877,
NVDA,walk_forward,macd_momentum,5.847843330840363,0.08572123256489905,0.3606485059757334,0.4097428211438254,0.43348063285751914,-0.7897222359249493,0.10854605412559956,0.5592875318066157,371,0.444743935309973,1.473082019382058,0.012792982353386656,8.884097035040432,15.859541984732825,
NVDA,walk_forward,rsi_reversion,0.4974658566654735,0.017410403214228376,0.18923233662993,0.1843696622582876,0.11029636787392973,-0.6568882493030184,0.026504360875234757,0.15148430873621713,135,0.6666666666666666,1.570417968035043,0.01092582685099195,6.607407407407408,5.770992366412214,
NVDA,walk_forward,bollinger_reversion,0.3985140208840465,0.014441432783655284,0.14694511942002028,0.17220333221653197,0.07396925703689511,-0.5357526104186523,0.02695541282079865,0.10127226463104326,92,0.6413043478260869,1.6284445389788,0.012773916129788995,6.478260869565218,3.932824427480916,
NVDA,walk_forward,buy_hold,2458.66420906451,0.3962187639359267,0.49879068125094267,0.9193890980332955,1.310681268789706,-0.850784423550051,0.46570994128293114,0.999830364715861,1,1.0,,2458.664209064512,5894.0,0.042748091603053436,
NVDA,in_sample,tsmom,5022.373261087032,0.36492267213581897,0.4172497672384206,0.9491795787329719,1.1816855273986073,-0.6812447999954662,0.5356703965127478,0.5880052151238592,307,0.43973941368078173,2.840758208858878,0.04071570305674885,13.221498371335505,11.207301173402868,"{""lookback"": 20, ""trend_n"": 0, ""allow_short"": false}"
NVDA,in_sample,ma_cross,2046.7153261729748,0.32093292991288713,0.42720814362289944,0.8602251112078951,1.0895377494257823,-0.7580222055194175,0.4233819637156607,0.6452267130233232,121,0.3305785123966942,3.786931805484478,0.10333527073269319,36.8099173553719,4.417209908735333,"{""fast"": 5, ""slow"": 50, ""use_ema"": true, ""allow_short"": false}"
NVDA,in_sample,donchian_breakout,1248.988807422524,0.29734428528413615,0.42453998274578986,0.8205187227959085,1.003822562821773,-0.6901919816114573,0.4308138796250544,0.6035057221497899,77,0.5584415584415584,3.920492106334389,0.1428146344864212,54.103896103896105,2.8109517601043024,"{""entry_n"": 20, ""exit_n"": 20, ""allow_short"": false}"
NVDA,in_sample,macd_momentum,285.3301051970133,0.2293910877097851,0.41987723785297404,0.701810519734691,0.744385588169934,-0.670121687090083,0.34231258610042353,0.5065913370998116,446,0.4327354260089686,1.8026602590954157,0.020369319207682136,7.8408071748878925,16.28161668839635,"{""fast"": 5, ""slow"": 35, ""signal"": 5, ""allow_short"": false}"
NVDA,in_sample,double_low,22.25057555943205,0.12171582591668928,0.27432662860941986,0.551778417840093,0.4264943224787807,-0.7228845905266577,0.1683751839667978,0.2345357091119803,174,0.7298850574712644,2.0288687989062613,0.024962067257270616,9.304597701149426,6.352020860495437,"{""n"": 10, ""trend_n"": 200}"
NVDA,in_sample,rsi_reversion,11.34582318638512,0.09609169183179378,0.2224211098404775,0.5212756466099429,0.3306733877884339,-0.7068128716688489,0.13595068183310335,0.15254237288135594,99,0.7171717171717171,2.2351181510369127,0.0334171629682972,10.636363636363637,3.6140808344198176,"{""rsi_n"": 3, ""entry"": 15, ""exit_level"": 80, ""trend_n"": 200}"
NVDA,in_sample,bollinger_reversion,6.467219154808245,0.07615647379183277,0.23277514525099272,0.4273320702879441,0.28835281281355424,-0.5834603681218107,0.13052553001497672,0.1534115601912212,175,0.6971428571428572,1.82162112228979,0.01642615568873876,6.051428571428572,6.388526727509778,"{""n"": 10, ""k"": 1.5, ""trend_n"": 200}"
TSLA,walk_forward,ma_cross,10.603670787560615,0.2270526936362971,0.4137585972781327,0.7015669292906571,0.7395019802515157,-0.6978158726233719,0.3253762239352829,0.5495197085127526,81,0.4074074074074074,2.1914897037066527,0.05050355791156299,20.48148148148148,6.76117919841007,
TSLA,walk_forward,tsmom,5.0535816725581,0.16218597399947488,0.3855856954268604,0.5830162821204338,0.5941120099050985,-0.5405195783593083,0.3000556880691977,0.5044716793640278,151,0.4370860927152318,2.2744554285089102,0.02964436520647723,10.079470198675496,12.604173567406427,
TSLA,walk_forward,donchian_breakout,2.8922095423859058,0.12011979839942932,0.3044689695327696,0.5245947871283403,0.43029501182367513,-0.45813114762457774,0.26219522296672837,0.3156674395495197,59,0.3898305084745763,2.0269724111425425,0.039714381324643194,16.152542372881356,4.924809539582643,
TSLA,walk_forward,macd_momentum,3.840879142674332,0.14070028405435742,0.4161751679282439,0.5227811655419516,0.6011793545770784,-0.6664296537988388,0.21112548526663802,0.5485260019874131,183,0.40437158469945356,1.387430686048637,0.01303803210356743,9.043715846994536,15.275256707519047,
TSLA,walk_forward,bollinger_reversion,-0.3136655575097085,-0.030929390316780325,0.19637436603698052,-0.06187616965680594,-0.029013332392850033,-0.5844873409281547,-0.05291712608807754,0.09804571050016561,53,0.5471698113207547,0.9500684981778991,-0.0015892530708003741,5.584905660377358,4.423981450811527,
TSLA,walk_forward,double_low,-0.5482052056536441,-0.0641688894783159,0.2826438169914232,-0.09220570430422118,-0.06090743202338907,-0.6833894860586724,-0.09389797587960941,0.21132825438887048,122,0.5737704918032787,1.1007699681864211,0.0028162800082389403,5.229508196721311,10.183504471679365,
TSLA,walk_forward,rsi_reversion,-0.5437338894152509,-0.06339928544333007,0.19520764331980597,-0.23504815443095822,-0.10275378482828558,-0.6507516639175488,-0.097424699710584,0.11129513083802584,61,0.5409836065573771,0.7046265822631539,-0.010156097335662577,5.508196721311475,5.0917522358396825,
TSLA,walk_forward,buy_hold,23.619348836545647,0.30656713611576647,0.5656336070099486,0.7546229818348423,1.1145329912571362,-0.736322175436441,0.4163491829294081,0.9996687644915535,1,1.0,,23.61934883654574,3018.0,0.08347134812851938,
TSLA,in_sample,ma_cross,344.50590981046,0.4416188578534008,0.41714144560215627,1.0833956838507544,1.2646955522919894,-0.6809744835922156,0.648510140238754,0.5555003724857214,109,0.43119266055045874,3.681075019620192,0.0963543688325317,20.522935779816514,6.82095852992302,"{""fast"": 10, ""slow"": 20, ""use_ema"": false, ""allow_short"": false}"
TSLA,in_sample,macd_momentum,97.17615194364168,0.33246238354582114,0.40981980596707107,0.9021138379477434,1.0696765054652626,-0.5812758501475573,0.571952857600097,0.5207350384901912,148,0.3716216216216216,2.4567281616316268,0.049067555321688446,14.16891891891892,9.261484976409237,"{""fast"": 12, ""slow"": 35, ""signal"": 9, ""allow_short"": false}"
TSLA,in_sample,tsmom,76.62859419238109,0.31302509188178607,0.4143866403115335,0.863092254401814,0.9831768951080089,-0.6799518284716739,0.46036362985503226,0.5550037248572138,188,0.35106382978723405,2.6273676976997886,0.045335888084150844,11.888297872340425,11.76458902408741,"{""lookback"": 20, ""trend_n"": 0, ""allow_short"": false}"
TSLA,in_sample,donchian_breakout,30.62694403894158,0.241280643634739,0.32498877167935664,0.8256523222675615,0.7498124321584883,-0.5523153060587729,0.43685308190438576,0.3317606158430593,79,0.4810126582278481,2.8864039643334714,0.06738505197617745,16.911392405063292,4.943630494164391,"{""entry_n"": 20, ""exit_n"": 5, ""allow_short"": false}"
TSLA,in_sample,rsi_reversion,0.7615724548823084,0.036067054827009004,0.15507027489978012,0.30488111665386636,0.10632853927377696,-0.44081511258925943,0.08181900710063765,0.045939905636950586,52,0.7307692307692307,1.9251071669036544,0.016830382092857542,3.5576923076923075,3.2540352619816244,"{""rsi_n"": 2, ""entry"": 5, ""exit_level"": 60, ""trend_n"": 200}"
TSLA,in_sample,bollinger_reversion,0.2895133369232261,0.016038545398126214,0.19572379211074728,0.1782815188786031,0.08261078987703527,-0.6713030805015996,0.02389166065816675,0.09212813508815496,57,0.631578947368421,1.4114923853539203,0.012772027488858327,6.508771929824562,3.566923267941396,"{""n"": 10, ""k"": 2.0, ""trend_n"": 200}"
TSLA,in_sample,double_low,0.01521618924830026,0.0009454675830706805,0.26873376260351745,0.13923982483448155,0.09073759782031524,-0.6931887210974045,0.0013639396520674586,0.20238390861683636,177,0.632768361581921,1.196090607010826,0.0052167521946353025,4.604519774011299,11.076235410975913,"{""n"": 5, ""trend_n"": 100}"
