symbol,date,strategy,side,entry_time,entry,stop,target,exit_time,exit,outcome,pnl_pct,risk_pct,r_multiple
SPY,2026-05-29,tjr,1,11:20:00,756.690002,754.900024,760.2699580000001,15:55:00,756.400024,eod,-0.000983219018665004,0.0023655367393106102,-0.41564309795989224
SPY,2026-06-05,tjr,1,10:20:00,750.099976,748.224976,753.849976,11:15:00,748.224976,stop,-0.003099666791083821,0.0024996667910838597,-1.2400319923199845
SPY,2026-06-08,tjr,1,11:30:00,741.950012,740.599976,744.6500840000001,13:00:00,740.599976,stop,-0.0024195781092594786,0.0018195781092595299,-1.3297467676417125
SPY,2026-06-17,tjr,1,10:30:00,751.090027,749.609985,754.0501109999998,10:40:00,749.609985,stop,-0.0025705254320996344,0.0019705254320996493,-1.3044873160356365
QQQ,2026-05-29,tjr,1,11:20:00,738.109985,736.960022,740.4099110000002,13:45:00,736.960022,stop,-0.0021579832590939534,0.0015579832590939284,-1.3851132523394154
QQQ,2026-06-01,tjr,1,11:25:00,740.119995,735.98999,748.380005,15:55:00,742.690002,eod,0.0028724193608632882,0.005580182981004294,0.514753614826144
QQQ,2026-06-05,tjr,1,10:20:00,726.049988,723.47998,731.190004,11:10:00,723.47998,stop,-0.004139712199540745,0.00353971219954077,-1.1695053061313339
QQQ,2026-06-08,tjr,1,10:40:00,718.048279,713.099976,727.944885,15:55:00,716.099976,eod,-0.0033133314805981577,0.006891323528957319,-0.4807975516859061
QQQ,2026-06-24,tjr,1,11:25:00,715.190002,712.090027,721.3899520000002,13:05:00,712.090027,stop,-0.004934477539298831,0.00433447753929883,-1.138424987685381
IWM,2026-06-01,tjr,1,12:10:00,287.910004,286.649994,290.43002400000006,13:40:00,290.43002400000006,target,0.008152804574307271,0.00437640228715367,1.8629010861818422
IWM,2026-06-05,tjr,1,10:20:00,287.029999,285.630005,289.82998699999996,11:35:00,285.630005,stop,-0.005477518046467299,0.004877518046467305,-1.123013383914502
IWM,2026-06-17,tjr,1,14:00:00,294.179993,292.350006,297.83996700000006,14:00:00,292.350006,stop,-0.0068206371729705,0.006220637172970552,-1.0964531419075563
DIA,2026-06-01,tjr,1,12:10:00,509.440002,508.529999,511.260008,13:40:00,511.260008,target,0.0029725620148689964,0.0017862810074345467,1.6641066005276428
DIA,2026-06-23,tjr,1,11:20:00,516.563293,515.150024,519.3898310000001,15:55:00,516.570007,eod,-0.0005870025607877632,0.002735906749765926,-0.21455503219836894
DIA,2026-06-29,tjr,1,10:45:00,521.609985,519.400024,526.0299070000001,15:55:00,521.679993,eod,-0.0004657847778740226,0.0042368073149520345,-0.10993768261073157
GLD,2026-06-08,tjr,1,11:25:00,397.359985,396.920013,398.239929,11:40:00,398.239929,target,0.0016144756221491592,0.0011072378110745388,1.4581109911540706
GLD,2026-06-11,tjr,1,11:20:00,374.390015,372.799988,377.57006900000005,13:30:00,377.57006900000005,target,0.00789396050265927,0.004246980251329674,1.8587231480974686
TLT,2026-06-01,tjr,1,12:15:00,84.970001,84.809998,85.290007,12:55:00,85.290007,target,0.0031661056400364325,0.0018830528200182465,1.6813684705911507
TLT,2026-06-17,tjr,1,11:50:00,86.339996,86.129997,86.75999399999999,14:00:00,86.129997,stop,-0.003032233144879836,0.00243223314487988,-1.246686877556546
TLT,2026-06-18,tjr,1,11:20:00,87.110001,87.000099,87.32980499999998,11:25:00,87.000099,stop,-0.0018616461799832555,0.0012616461799832956,-1.4755691488780984
TLT,2026-06-26,tjr,1,11:50:00,87.280098,87.224998,87.39029799999999,11:50:00,87.224998,stop,-0.0012313008493642467,0.0006313008493642609,-1.9504184900181967
TLT,2026-07-02,tjr,1,10:20:00,85.464996,85.410004,85.57498,10:45:00,85.57498,target,0.000686889430147431,0.0006434447150737431,1.0675189554843245
XLE,2026-06-05,tjr,1,11:40:00,58.25,57.919998,58.910004,11:55:00,57.919998,stop,-0.0062652703862660745,0.005665270386266101,-1.105908449039698
XLE,2026-06-22,tjr,1,11:10:00,53.455002,53.240002,53.88500200000001,12:15:00,53.88500200000001,target,0.007444148983475941,0.004022074491737993,1.8508232502325492
XLF,2026-07-02,tjr,1,11:05:00,55.264999,55.005001,55.78499500000001,15:55:00,55.610001,eod,0.0056426853567842945,0.00470456898045005,1.1994053823490758
SMH,2026-06-15,tjr,1,11:10:00,643.619995,639.25,652.359985,15:55:00,647.469971,eod,0.005381753254884481,0.006789712926802432,0.792633401868874
SMH,2026-06-24,tjr,1,11:10:00,620.22998,615.880005,628.9299299999999,13:05:00,615.880005,stop,-0.007613487158424647,0.007013487158424642,-1.0855494544221531
AAPL,2026-06-12,tjr,1,11:35:00,292.079987,290.890015,294.45993100000004,12:05:00,290.890015,stop,-0.004674130556572575,0.004074130556572545,-1.1472706855287411
NVDA,2026-06-24,tjr,1,11:20:00,200.589996,199.723007,202.32397400000005,12:40:00,199.723007,stop,-0.004922194612337626,0.004322194612337586,-1.1388183674764105
TSLA,2026-06-12,tjr,1,11:35:00,396.660004,394.350311,401.2793900000001,11:40:00,394.350311,stop,-0.00642285326654719,0.005822853266547232,-1.103042266829392
TSLA,2026-06-17,tjr,1,10:35:00,399.859985,397.839996,403.899963,10:45:00,397.839996,stop,-0.005651740798719839,0.005051740798719856,-1.1187709393466956
AMZN,2026-06-08,tjr,1,11:20:00,246.889999,246.179993,248.31001099999997,11:30:00,246.179993,stop,-0.0034757989504467617,0.0028757989504467245,-1.2086376726394013
AMZN,2026-06-11,tjr,1,12:55:00,236.320099,235.179993,238.600311,13:30:00,238.600311,target,0.009048828049957814,0.0048244140249789035,1.8756325645159329
AMZN,2026-06-12,tjr,1,11:40:00,236.160004,234.929993,238.62002599999997,15:55:00,238.529999,eod,0.009435547763625585,0.005208379823706264,1.8116089999195344
AMZN,2026-06-16,tjr,1,12:10:00,247.285004,245.451096,250.95281999999995,15:55:00,246.070007,eod,-0.005513346868376966,0.007416171503873238,-0.7434222449544909
META,2026-06-24,tjr,1,11:45:00,562.830017,560.549988,567.390075,12:35:00,560.549988,stop,-0.004651008174995818,0.004051008174995779,-1.148111278496905
AVGO,2026-06-02,tjr,1,11:30:00,480.031189,478.0,484.09356699999995,11:45:00,484.09356699999995,target,0.0078627376159927,0.004231368807996314,1.8582019135590198
AVGO,2026-06-08,tjr,1,12:25:00,395.920013,391.519989,404.72006099999993,15:55:00,396.704987,eod,0.0013826580476496327,0.011113416486981106,0.12441341051776092
AVGO,2026-06-15,tjr,1,11:30:00,391.850006,389.653198,396.2436220000001,15:55:00,394.130005,eod,0.005218550376645915,0.005606247202660583,0.9308455706643337
AVGO,2026-06-29,tjr,1,10:45:00,367.359985,363.01001,376.05993499999994,13:30:00,376.05993499999994,target,0.023082356149921757,0.01184117807496092,1.949329366030832
NFLX,2026-06-17,tjr,1,11:35:00,77.940002,77.680099,78.45980800000002,13:05:00,77.680099,stop,-0.003934654777145229,0.003334654777145225,-1.1799286703116116
COIN,2026-06-24,tjr,1,11:30:00,154.369995,151.850006,159.40997299999995,12:05:00,151.850006,stop,-0.0169243446370519,0.01632434463705192,-1.0367549211524327
MSTR,2026-06-29,tjr,1,11:05:00,85.470001,84.050003,88.30999699999998,11:35:00,88.30999699999998,target,0.03262798603921839,0.016613993019609214,1.96388586420544
HOOD,2026-06-24,tjr,1,12:05:00,99.5,97.5951,103.3098,13:15:00,97.5951,stop,-0.019744723618090387,0.019144723618090432,-1.0313402278334798
HOOD,2026-06-30,tjr,1,12:15:00,101.32,100.339996,103.28000799999998,13:25:00,100.339996,stop,-0.010272364784840015,0.009672364784840052,-1.0620323998677523
SOFI,2026-06-16,tjr,1,11:40:00,17.459999,17.112,18.155997000000003,15:55:00,17.705,eod,0.013432131387865299,0.01993121534543052,0.6739243520814592
MARA,2026-06-18,tjr,1,11:15:00,13.98,13.795,14.350000000000001,15:55:00,14.225,eod,0.016925035765379116,0.013233190271816917,1.2789837837837805
MARA,2026-07-01,tjr,1,11:50:00,13.54,13.27,14.079999999999998,15:55:00,13.385,eod,-0.012047562776957132,0.019940915805022125,-0.6041629629629623
RIOT,2026-06-15,tjr,1,12:45:00,27.610001,27.525,27.780003000000004,13:05:00,27.780003000000004,target,0.005557261638636058,0.003078630819318039,1.8051081681391963
RIOT,2026-06-17,tjr,1,11:25:00,27.370001,27.1007,27.908602999999996,13:30:00,27.908602999999996,target,0.019078552441412034,0.009839276220705974,1.9390199048648253
RIOT,2026-06-24,tjr,1,11:10:00,27.98,27.15,29.640000000000004,13:30:00,27.15,stop,-0.03026404574696213,0.029664045746962183,-1.0202265060240945
RIOT,2026-06-29,tjr,1,10:55:00,27.48,26.209999,30.020002,15:55:00,27.754999,eod,0.009407241630276553,0.04621546579330424,0.20355180822692234
SMCI,2026-06-08,tjr,1,11:25:00,43.450001,42.250099,45.849805,15:55:00,43.970001,eod,0.01136777878094868,0.02761569556695756,0.4116419502592697
MU,2026-06-05,tjr,1,10:25:00,934.409973,914.299988,974.6299430000001,12:15:00,914.299988,stop,-0.02212158643537938,0.021521586435379422,-1.0278789856780082
MU,2026-06-08,tjr,1,10:40:00,936.768982,916.5,977.3069460000002,15:55:00,949.460022,eod,0.012947673165805074,0.021637119065071743,0.5984009759740232
MU,2026-06-17,tjr,1,10:25:00,1037.469971,1019.590027,1073.229859,14:40:00,1073.229859,target,0.033868359566621084,0.01723417978331059,1.9651854624041274
INTC,2026-06-04,tjr,1,10:45:00,109.010002,107.480103,112.0698,13:55:00,112.0698,target,0.0274689656349149,0.014034482817457433,1.9572481574273881
QCOM,2026-05-29,tjr,1,11:40:00,250.559998,248.539993,254.600008,13:35:00,254.600008,target,0.015523922542496061,0.008061961271248084,1.9255764224345846
QCOM,2026-06-01,tjr,1,10:55:00,232.759995,226.811798,244.656389,15:55:00,228.979996,eod,-0.01683989981611751,0.025555065852274114,-0.658965228791181
QCOM,2026-06-05,tjr,1,11:00:00,228.510101,226.100006,233.33029099999996,11:20:00,226.100006,stop,-0.011146995469578713,0.010546995469578758,-1.0568882390943057
QCOM,2026-06-08,tjr,1,11:25:00,220.0,215.929993,228.140014,15:55:00,217.690002,eod,-0.011099990909090928,0.018500031818181835,-0.5999984766610972
QCOM,2026-06-10,tjr,1,10:35:00,199.464706,198.100006,202.194106,10:45:00,198.100006,stop,-0.0074418119043075485,0.0068418119043075175,-1.087696067707193
QCOM,2026-06-24,tjr,1,11:20:00,197.050003,194.600098,201.949813,13:15:00,194.600098,stop,-0.013032910239539518,0.01243291023953956,-1.0482590148597566
QCOM,2026-06-29,tjr,1,11:05:00,188.289993,186.613693,191.642593,11:40:00,191.642593,target,0.017205513434800524,0.008902756717400259,1.932605144783154
QCOM,2026-07-01,tjr,1,11:20:00,186.315002,183.679993,191.58502,13:05:00,183.679993,stop,-0.014742763447465123,0.014142763447465153,-1.042424523483599
CRM,2026-06-25,tjr,1,12:15:00,150.815002,149.710007,153.024992,13:40:00,149.710007,stop,-0.007926824157718792,0.007326824157718756,-1.0818908693704543
ORCL,2026-06-08,tjr,1,10:40:00,212.395004,209.330994,218.523024,15:55:00,211.789993,eod,-0.003448518037646408,0.014425998457101167,-0.23904882895290222
ORCL,2026-06-29,tjr,1,12:10:00,148.425003,147.960007,149.35499500000003,12:30:00,147.960007,stop,-0.0037328683887580365,0.0031328683887580145,-1.1915177803680046
UBER,2026-06-08,tjr,1,13:50:00,70.290001,70.209999,70.45000500000002,13:50:00,70.209999,stop,-0.0017381704205696284,0.0011381704205695978,-1.5271618284542665
ABNB,2026-06-02,tjr,1,10:30:00,133.359406,132.059998,135.958222,15:55:00,134.350006,eod,0.006828047482455069,0.009743654677046173,0.7007686241734726
BA,2026-06-01,tjr,1,11:15:00,224.149994,223.455002,225.53997799999996,12:05:00,225.53997799999996,target,0.005601133335742792,0.0031005666678714477,1.806486986324985
BA,2026-07-01,tjr,1,11:55:00,217.520004,216.660004,219.24000400000003,14:50:00,219.24000400000003,target,0.007307318721822154,0.003953659360911071,1.8482418576744242
CAT,2026-06-01,tjr,1,11:25:00,859.119995,856.820007,863.719971,12:15:00,856.820007,stop,-0.0032771440699618896,0.0026771440699619436,-1.224119428883958
CAT,2026-06-08,tjr,1,10:55:00,909.765015,904.77002,919.7550049999998,11:30:00,904.77002,stop,-0.006090423260560151,0.005490423260560205,-1.109281192273458
CAT,2026-06-18,tjr,1,11:35:00,986.174988,977.919983,1002.684998,15:55:00,985.22998,eod,-0.001558255899306981,0.008370730448904858,-0.18615530733173322
GE,2026-06-22,tjr,1,12:05:00,357.799988,356.204987,360.9899899999999,14:00:00,356.204987,stop,-0.005057800596684103,0.0044578005966841115,-1.134595522385253
F,2026-06-01,tjr,1,11:20:00,16.875,16.639999,17.345002,15:10:00,16.639999,stop,-0.014525985185185174,0.013925985185185213,-1.0430849230428778
F,2026-06-11,tjr,1,10:45:00,14.295,14.21,14.464999999999998,13:25:00,14.464999999999998,target,0.011292270024483898,0.005946135012241978,1.899094117647048
XOM,2026-06-05,tjr,1,11:50:00,150.369995,149.300003,152.50997899999996,15:55:00,150.020004,eod,-0.0029275321649108836,0.007115728107858121,-0.4114170919034861
XOM,2026-06-30,tjr,1,11:15:00,136.139999,135.429993,137.56001099999997,15:55:00,136.490005,eod,0.0019709270058096313,0.0052152637374412855,0.3779151170553473
CVX,2026-06-04,tjr,1,10:40:00,188.830002,187.669998,191.15001000000004,15:55:00,188.339996,eod,-0.0031949584007312064,0.006143112787765658,-0.5200878628004583
CVX,2026-06-17,tjr,1,12:25:00,178.75,178.279999,179.690002,13:20:00,178.279999,stop,-0.003229376223776236,0.0026293762237762034,-1.2281910038489423
CVX,2026-06-23,tjr,1,11:35:00,175.735016,174.860001,177.48504599999998,15:55:00,175.990005,eod,0.000850985727283749,0.004979172733566033,0.1709090591589663
BAC,2026-06-03,tjr,1,11:30:00,51.355,51.240002,51.584996,11:45:00,51.584996,target,0.0038785512608314095,0.0022392756304157324,1.7320562096731869
BAC,2026-06-11,tjr,1,10:55:00,54.669998,54.064999,55.879996,15:55:00,55.134998,eod,0.007905579239274974,0.011066380503617348,0.7143780422777637
BAC,2026-06-24,tjr,1,11:10:00,57.630001,57.41,58.07000300000001,12:10:00,57.41,stop,-0.004417473471846799,0.003817473471846781,-1.1571720155817498
BAC,2026-06-26,tjr,1,12:25:00,57.900002,57.775002,58.150002,13:10:00,58.150002,target,0.0037177891427361727,0.0021588945713680633,1.7220799904000215
WMT,2026-06-09,tjr,1,13:00:00,119.419998,118.360001,121.53999200000003,13:35:00,118.360001,stop,-0.009476210163728304,0.008876210163728271,-1.067596416593635
COST,2026-06-09,tjr,1,10:20:00,971.5,967.289978,979.920044,12:10:00,979.920044,target,0.008067055069480068,0.004333527534740073,1.861544666512413
COST,2026-06-17,tjr,1,10:45:00,979.27002,975.260071,987.2899180000001,12:00:00,975.260071,stop,-0.0046948348444282965,0.004094834844428308,-1.1465260560670443
COST,2026-06-22,tjr,1,14:00:00,947.679993,946.870972,949.2980349999998,15:30:00,949.2980349999998,target,0.0011073716992566103,0.000853685849628268,1.297165344533716
COST,2026-06-23,tjr,1,10:50:00,958.419983,953.484985,968.2899789999999,15:55:00,957.320007,eod,-0.0017476972720840804,0.00514909756425639,-0.3394181699364392
COST,2026-06-24,tjr,1,11:40:00,963.159973,960.500122,968.479675,11:55:00,960.500122,stop,-0.003361587975583346,0.00276158797558337,-1.2172662994280417
MCD,2026-06-11,tjr,1,11:35:00,282.100006,281.149994,284.00003000000004,13:25:00,284.00003000000004,target,0.006135285216548537,0.003367642608274227,1.8218338256780189
MCD,2026-06-18,tjr,1,12:05:00,280.679993,279.650085,282.7398090000001,13:10:00,279.650085,stop,-0.004269331714711954,0.0036693317147119724,-1.1635175139915306
NKE,2026-06-15,tjr,1,10:35:00,45.560001,45.09,46.50000299999999,15:00:00,45.09,stop,-0.010916088447846927,0.010316088447846969,-1.0581615796562098
NKE,2026-06-24,tjr,1,10:30:00,41.695,41.57,41.945,10:35:00,41.57,stop,-0.003597961386257297,0.002997961386257345,-1.200135999999984
SBUX,2026-05-29,tjr,1,10:50:00,99.669998,99.210098,100.58979800000002,11:25:00,99.210098,stop,-0.00521422704152159,0.0046142270415216085,-1.1300326131767722
SBUX,2026-06-17,tjr,1,12:15:00,101.029999,100.330002,102.42999300000002,13:15:00,100.330002,stop,-0.007528605433322965,0.006928605433322932,-1.0865975131322025
SBUX,2026-07-01,tjr,1,11:15:00,102.245003,102.07,102.595009,11:20:00,102.07,stop,-0.002311604429216029,0.0017116044292160059,-1.3505482866008072
SBUX,2026-07-02,tjr,1,13:30:00,103.989998,103.290001,105.38999199999999,15:55:00,104.260002,eod,0.0019964420155100145,0.006731387762888468,0.2965869870870925
BABA,2026-06-08,tjr,1,10:40:00,121.220001,120.870003,121.919997,12:30:00,120.870003,stop,-0.0034872958019526827,0.0028872958019526777,-1.2078069034680219
BABA,2026-06-16,tjr,1,13:20:00,109.470001,109.050003,110.30999699999998,14:30:00,110.30999699999998,target,0.007073298550531449,0.0038366492752657647,1.84361353958826
BABA,2026-06-24,tjr,1,12:40:00,100.849998,100.699997,101.15,12:50:00,100.699997,stop,-0.0020873674067896746,0.0014873674067896676,-1.403397302684645
BABA,2026-06-26,tjr,1,11:10:00,95.0,94.57,95.86000000000001,13:40:00,94.57,stop,-0.0051263157894737114,0.004526315789473756,-1.1325581395348718
RIVN,2026-06-16,tjr,1,11:15:00,16.030001,15.935,16.220002999999995,11:45:00,15.935,stop,-0.006526450035779629,0.005926450035779669,-1.1012410458837227
RIVN,2026-06-18,tjr,1,11:35:00,16.27,16.165001,16.479998,12:50:00,16.165001,stop,-0.0070535341118623356,0.006453534111862286,-1.0929723140220464
RIVN,2026-06-22,tjr,1,11:15:00,15.69,15.5802,15.9096,11:25:00,15.5802,stop,-0.007598087954110943,0.006998087954110893,-1.0857377049180401
LCID,2026-06-30,tjr,1,10:45:00,6.485,6.322,6.811000000000001,15:40:00,6.811000000000001,target,0.04966985350809565,0.02513492675404784,1.976128834355827
AAL,2026-06-17,tjr,1,14:00:00,15.755,15.58,16.105000000000004,15:55:00,15.58,stop,-0.011707584893684574,0.011107584893684588,-1.0540171428571414
