component,kind,avg_week,median_week,pct_pos_weeks,best_week,worst_week,n_weeks,cagr,max_dd
intraday:ORB (only 6 wks!),intraday,0.01601600462649357,0.011352802878398183,0.5,0.10351275266273863,-0.05277774485861042,6,,
buy&hold:BTC,baseline,0.012155716904468759,0.006616268418433657,0.5429497568881686,0.5096578757677237,-0.39011465733268924,617,0.3331394953195197,-0.8339900882122678
swing:ma_cross:BTC,swing,0.010274730746583539,0.0,0.3657505285412262,0.5096578757677237,-0.24978831076799557,473,0.3084349298170992,-0.6716274504656801
buy&hold:TQQQ,baseline,0.010108349512775543,0.01267678421258589,0.5794392523364486,0.28905933098320324,-0.3752640656203067,856,0.4321279550083854,-0.8165984465512063
swing:donchian_breakout:BTC,swing,0.009585600048295555,0.0,0.2558139534883721,0.5096578757677237,-0.17084791730508153,473,0.3145625640225431,-0.49521695970655566
buy&hold:TSLA,baseline,0.0095183982034764,0.005524006503007439,0.5406698564593302,0.4071491835793599,-0.2586126721266667,836,0.4116709175500537,-0.7363221754364415
buy&hold:NVDA,baseline,0.009333015499068323,0.005879263560237158,0.537334263782275,1.0042557737851454,-0.3884592504461629,1433,0.3665237114928117,-0.8972235877174868
swing:tsmom:BTC,swing,0.008948209377891576,0.0,0.32346723044397463,0.5096578757677237,-0.23162488853983176,473,0.26535074874678566,-0.6740387268380985
buy&hold:UPRO,baseline,0.007795936424731709,0.010444597141118228,0.578177727784027,0.3843955077220105,-0.43876139968379113,889,0.32846611350913646,-0.768168262483956
swing:macd_momentum:BTC,swing,0.007711391026816161,0.0,0.3488372093023256,0.5096578757677237,-0.16933765246969212,473,0.21364815542935855,-0.5972475486596165
swing:high_52w:BTC,swing,0.006256987965516784,0.0,0.15644820295983086,0.5096578757677237,-0.18245277850306507,473,0.20774550150436988,-0.5141201561143187
swing:macd_momentum:TQQQ,swing,0.0057470020390959515,0.0,0.40649149922720246,0.28877879512819615,-0.1684981807835514,647,0.2558967052401404,-0.7192382121220531
swing:tsmom:NVDA,swing,0.005710641135998221,0.0,0.3982011447260834,0.3440201758796042,-0.2146206062504371,1223,0.2617779033486438,-0.6024089015403324
swing:ma_cross:TSLA,swing,0.005557071758540714,0.0,0.34768740031897927,0.33338327587143235,-0.2586126721266667,627,0.2270526936362971,-0.6978158726233719
swing:donchian_breakout:NVDA,swing,0.005388435658181375,0.0,0.3286999182338512,0.3427083320066746,-0.1877398797275993,1223,0.2560026807005007,-0.6916394825021518
swing:ma_cross:TQQQ,swing,0.0053002891531340355,0.0,0.4265842349304482,0.210552123804167,-0.2072042410468362,647,0.22216242869926028,-0.5777708971441238
swing:high_52w:TSLA,swing,0.004984561237150948,0.0,0.13556618819776714,0.2779855878077473,-0.16333785050300376,627,0.3148549046976108,-0.2601047598970917
rotation:aggressive 63/top2,rotation,0.0049761017752548145,0.0019820752881916093,0.5247747747747747,0.19987171069349352,-0.25321430573017134,444,0.21029300201385337,-0.5433216808755912
swing:ma_cross:NVDA,swing,0.004754846303490146,0.0,0.4219133278822568,0.3440201758796042,-0.22906549720746816,1223,0.19183073967673048,-0.6499209478779336
swing:tsmom:TSLA,swing,0.004475286086409331,0.0,0.32216905901116427,0.3201649777807476,-0.2471465066164984,627,0.16218597399947488,-0.5405195783593083
swing:macd_momentum:TSLA,swing,0.004140512975930467,0.0,0.3317384370015949,0.33338327587143235,-0.16333785050300376,627,0.14070028405435742,-0.6664296537988388
buy&hold:SSO,baseline,0.004034981919330872,0.006620533591255473,0.5726577437858509,0.2541252857765528,-0.34045970817025817,1046,0.1567576861046578,-0.846673121698465
swing:tsmom:TQQQ,swing,0.00400451210445068,0.0,0.42967542503863987,0.3125111431144778,-0.27485862158477203,647,0.1255588300289745,-0.7495647191087045
swing:ma_cross:UPRO,swing,0.0036496583426694263,0.0,0.4426470588235294,0.17402103763186716,-0.1824236458303906,680,0.15521018804530118,-0.5825529509061723
swing:donchian_breakout:TQQQ,swing,0.003320639246680819,0.0,0.3462132921174652,0.21163289827043008,-0.18760818853319705,647,0.12189751931794368,-0.635625194618161
swing:macd_momentum:UPRO,swing,0.0032658941389160597,0.0,0.36911764705882355,0.3843955077220105,-0.17768556347857412,680,0.1369191256329203,-0.4604539657665604
swing:turn_of_month:UPRO,swing,0.003120855500656378,0.0,0.3191176470588235,0.22943163715650905,-0.229093775457209,680,0.13167185495485434,-0.36694730218045046
swing:donchian_breakout:TSLA,swing,0.0030959584511395253,0.0,0.19457735247208932,0.2779855878077473,-0.21141761027800332,627,0.12011979839942932,-0.45813114762457774
swing:macd_momentum:NVDA,swing,0.0029029419127381577,0.0,0.3499591169255928,0.3440201758796042,-0.3884592504461629,1223,0.0857220670749752,-0.7897236039542781
swing:tsmom:UPRO,swing,0.0025531305924492973,0.0,0.4308823529411765,0.15266449413683048,-0.17135198784182037,680,0.08835235789954887,-0.4872375527288897
buy&hold:QQQ,baseline,0.0025484283463899017,0.0040662576843817355,0.5610098176718092,0.20417979822447974,-0.24619001523752382,1426,0.1084388193100847,-0.8296390383240588
swing:turn_of_month:NVDA,swing,0.002517481276718582,0.0,0.2902698282910875,0.23021161472037943,-0.21399759441265787,1223,0.10373456804297354,-0.5095697003200226
swing:rsi_reversion:TQQQ,swing,0.0025092328123889306,0.0,0.19629057187017002,0.19148511234240306,-0.20394631161452337,647,0.10384306743108951,-0.4803922191935459
swing:turn_of_month:BTC,swing,0.0023884766226735256,0.0,0.24947145877378435,0.22200972434576238,-0.22887777529550735,473,0.056917499644697944,-0.5679005784151546
swing:high_52w:NVDA,swing,0.0023620408583104914,0.0,0.17007358953393295,0.2539448320032147,-0.1705119953925397,1223,0.14355944504896967,-0.4875841957479854
buy&hold:EEM,baseline,0.0023507118659279016,0.0032233045139289374,0.5536303630363036,0.2830471040482625,-0.20084616431443558,1212,0.10007522321338902,-0.6643428786783456
buy&hold:SLV,baseline,0.002340555161693061,0.0018686470697028001,0.5218216318785579,0.17767901166018873,-0.2645051351428087,1054,0.07102680750445733,-0.7628015134490687
swing:ma_cross:SLV,swing,0.0023385273674639776,0.0,0.3562130177514793,0.17767901166018873,-0.2645051351428087,845,0.09437031419081499,-0.4810574495757546
buy&hold:GOLD,baseline,0.0023089991435706783,0.0034302839074480396,0.5685693106004448,0.1319215961897402,-0.09635228647009253,1349,0.11180681708790141,-0.44363844111731865
buy&hold:SPY,baseline,0.0022489648369228327,0.0034642748076434415,0.5702005730659025,0.13292242652272912,-0.1979335849950138,1745,0.10821518410194364,-0.5518942940678528
buy&hold:GLD,baseline,0.002185603102497652,0.0033800862269668386,0.5633303808680248,0.13805426321425807,-0.10298583328691813,1129,0.10437802799299356,-0.45555012634596026
swing:turn_of_month:TQQQ,swing,0.002164165060581716,0.0,0.28129829984544047,0.28905933098320324,-0.20394631161452337,647,0.060937247093304725,-0.5983246226435104
swing:high_52w:SSO,swing,0.002143415939790138,0.0,0.3015267175572519,0.08970862162673976,-0.08216993644736936,524,0.18514462773493245,-0.16042203034159075
swing:turn_of_month:SSO,swing,0.0021348028227782434,0.0,0.3106332138590203,0.15077187352458976,-0.15449940462092582,837,0.09830498790466335,-0.2475456609298916
buy&hold:IWM,baseline,0.002115178109942423,0.003209159290465724,0.5524578136463683,0.18256513630734927,-0.17264573610972433,1363,0.08863128549340749,-0.5863995941022999
swing:turn_of_month:TSLA,swing,0.002101710480034037,0.0,0.266347687400319,0.27107336590172393,-0.19968612664283425,627,0.05946636783700221,-0.555664615709311
swing:high_52w:VNQ,swing,0.0020903248902461504,0.0,0.44936708860759494,0.05022979514957715,-0.10148916947462017,158,0.10481855551672004,-0.13192319242251704
buy&hold:VNQ,baseline,0.0020322456213444804,0.003072308192422435,0.5580985915492958,0.2343211741889899,-0.249119156206991,1136,0.07717981201331359,-0.7306551064739295
swing:double_low:NVDA,swing,0.00200943510624023,0.0,0.22812755519215044,0.30067542639080136,-0.21399759441265787,1223,0.08127550997259014,-0.5196412337569447
swing:donchian_breakout:SSO,swing,0.001981492226259568,0.0,0.3954599761051374,0.1171067526467735,-0.10633880618636649,837,0.0895636174028338,-0.3305386103907726
swing:ma_cross:SSO,swing,0.0019809563466635684,0.0,0.4635603345280765,0.15056732614067236,-0.21098728626614405,837,0.07920260315866656,-0.512678411976474
swing:tsmom:SSO,swing,0.0019462965079158443,0.0,0.4444444444444444,0.11190797198810443,-0.1161293032180557,837,0.082616883548986,-0.39580143323353156
swing:high_52w:TQQQ,swing,0.001945317302239119,0.0,0.2797527047913447,0.16814694480182468,-0.1622581664359759,647,0.06235099336672234,-0.5184082608616443
rotation:core blend/top3,rotation,0.0019335052183549915,0.0030868704332324137,0.5698198198198198,0.08459732160817723,-0.12251639697627803,444,0.09062897811449022,-0.23470489973649644
swing:donchian_breakout:UPRO,swing,0.001784128308874211,0.0,0.36176470588235293,0.17402103763186716,-0.17768556347857412,680,0.06235621046744222,-0.5030007859237067
swing:double_low:BTC,swing,0.0016884448117085824,0.0,0.18604651162790697,0.26034656030497016,-0.2131682190097104,473,0.03383717155601085,-0.6358698664925386
swing:tsmom:QQQ,swing,0.0016634726559368943,0.0,0.4609695973705834,0.07560177652223032,-0.14843455100995862,1217,0.07786698888136345,-0.3601155869646787
swing:tsmom:GOLD,swing,0.0016612298724537416,0.0,0.4077328646748682,0.09427225336927192,-0.09635228647009253,1138,0.07948044993763537,-0.32302283983547897
swing:bollinger_reversion:UPRO,swing,0.0016020295120255275,0.0,0.11176470588235295,0.15987086780528137,-0.22467157816613648,680,0.07423032932318341,-0.4110530624510147
swing:double_low:UPRO,swing,0.0015584339212031924,0.0,0.20294117647058824,0.2278116342667531,-0.22467157816613648,680,0.05873403353210205,-0.5033900644113839
buy&hold:EFA,baseline,0.0015538722750466731,0.0027566334450528363,0.5582112567463376,0.12578939743509365,-0.2042081888933387,1297,0.06508950937459601,-0.610373160317805
swing:bollinger_reversion:TQQQ,swing,0.0015480348147320405,0.0,0.10510046367851623,0.19148511234240306,-0.20394631161452337,647,0.06275926718635838,-0.5687938555517196
swing:turn_of_month:EEM,swing,0.0014673704565133436,0.0,0.2851445663010967,0.31652720397622236,-0.1193506374818033,1003,0.06816533455856466,-0.24211577522764038
swing:double_low:TQQQ,swing,0.0014290094813747864,0.0,0.23183925811437403,0.19148511234240306,-0.20394631161452337,647,0.033407795121918715,-0.6525883759495027
swing:bollinger_reversion:BTC,swing,0.0013290723376206371,0.0,0.10570824524312897,0.1519564894831511,-0.2131682190097104,473,0.0366634688978007,-0.35976316806970543
swing:high_52w:SLV,swing,0.0012716688537549694,0.0,0.1514792899408284,0.17767901166018873,-0.1880314416949116,845,0.06790146944920528,-0.5961860485346966
swing:bollinger_reversion:SSO,swing,0.0012034462089709856,0.0,0.11230585424133811,0.10461926938650534,-0.15195197777308356,837,0.059790357974085495,-0.2982844648990274
swing:turn_of_month:QQQ,swing,0.001153715010842737,0.0,0.2744453574363188,0.1453603413664475,-0.10629899334377979,1217,0.054737276032906346,-0.20312347855037038
swing:tsmom:GLD,swing,0.0011465189881929001,0.0,0.3847826086956522,0.08713710322050372,-0.10298583328691813,920,0.052303194419153876,-0.46355201622003517
swing:ma_cross:QQQ,swing,0.0011188864952278554,0.0,0.44042728019720623,0.07560177652223032,-0.10626661790754166,1217,0.04877252192590409,-0.49318080153011046
swing:turn_of_month:IWM,swing,0.00110714218161597,0.0,0.2792714657415438,0.19706278979659575,-0.1007157943255792,1153,0.049320524031500446,-0.3122336522338597
swing:tsmom:VNQ,swing,0.0010997393659251252,0.0,0.37971952535059333,0.16797650384848017,-0.10213394355471317,927,0.04746979016579367,-0.30920047557800945
swing:donchian_breakout:SLV,swing,0.0010878838472968134,0.0,0.293491124260355,0.17767901166018873,-0.1880314416949116,845,0.033322487346263197,-0.49421101440853166
swing:double_low:SSO,swing,0.0010533611335026504,0.0,0.21863799283154123,0.1478727778696911,-0.15195197777308356,837,0.04541325444991573,-0.3329290129457012
swing:ma_cross:SPY,swing,0.0010118918702693431,0.0,0.4235523747560182,0.08174334345075662,-0.11161100481548192,1537,0.0464873108736632,-0.5542281268325406
swing:ma_cross:GLD,swing,0.001002652619466494,0.0,0.3706521739130435,0.08713710322050372,-0.0905744444828731,920,0.044603994946686765,-0.39908281468953954
swing:macd_momentum:GOLD,swing,0.0009852234019082703,0.0,0.3954305799648506,0.10728993589796776,-0.0705070532435782,1138,0.04333484382390207,-0.3534373006729711
swing:high_52w:QQQ,swing,0.000979462256109915,0.0,0.13191489361702127,0.038837702008759134,-0.049082206241131354,470,0.24756652578695082,-0.10439613922058621
swing:turn_of_month:VNQ,swing,0.0009577740655590245,0.0,0.27292340884573896,0.08135450168810765,-0.11169692897303496,927,0.043662985619237205,-0.33767293398930853
swing:macd_momentum:QQQ,swing,0.0009516900908403183,0.0,0.37551355792933444,0.0953812444453579,-0.0912488829114847,1217,0.04122627727184791,-0.4886704045279696
swing:rsi_reversion:SSO,swing,0.0009506980330211166,0.0,0.15770609318996415,0.10461926938650534,-0.15195197777308356,837,0.04229663050882171,-0.3061144234570442
swing:turn_of_month:SPY,swing,0.0009288375344254437,0.0,0.3018867924528302,0.1030097569917543,-0.0906669184849489,1537,0.04384171540143367,-0.25620542750314934
swing:ma_cross:EFA,swing,0.0009205725447094251,0.0,0.40441176470588236,0.08347081411771407,-0.08960049424891903,1088,0.04091998693866161,-0.3142084718776301
swing:tsmom:SLV,swing,0.0009053676901237159,0.0,0.3242603550295858,0.17767901166018873,-0.1880314416949116,845,0.018139699919270447,-0.6730166011789045
swing:macd_momentum:SSO,swing,0.0008951188603384598,0.0,0.3739545997610514,0.24875429659177328,-0.14938755996218767,837,0.022244971202671993,-0.4777577024063958
swing:donchian_breakout:GOLD,swing,0.0008822927804583396,0.0,0.29525483304042177,0.08451754452155869,-0.09635228647009253,1138,0.039470380357260026,-0.289384064026592
buy&hold:TLT,baseline,0.0008682899447771377,0.0015233172338271483,0.5420336269015212,0.08801250097526592,-0.07693238258837132,1249,0.036906017475534014,-0.4835112085753158
swing:ma_cross:GOLD,swing,0.0008653977958583718,0.0,0.3954305799648506,0.09427225336927192,-0.0928298380723831,1138,0.035110660340655686,-0.48463135723641704
swing:rsi_reversion:UPRO,swing,0.0008508761892436088,0.0,0.12941176470588237,0.2278116342667531,-0.22467157816613648,680,0.030702731111434955,-0.40961657271495955
swing:tsmom:EFA,swing,0.0008271541327940516,0.0,0.3897058823529412,0.08347081411771407,-0.08686044664776293,1088,0.0369959059507301,-0.298855687447245
swing:donchian_breakout:QQQ,swing,0.0008144151023365477,0.0,0.36729663105998356,0.06873380192978185,-0.07164566952704288,1217,0.03550017191800103,-0.37079232977778454
swing:high_52w:UPRO,swing,0.0008125155023816478,0.0,0.2852941176470588,0.14487202470781657,-0.11389467243957951,680,0.027413858943077463,-0.4976429603697389
swing:macd_momentum:GLD,swing,0.0008052365896560739,0.0,0.40217391304347827,0.08743615811788263,-0.07209564368311894,920,0.03451986400213469,-0.2945599800091735
swing:high_52w:SPY,swing,0.0007835382019726143,0.0,0.34285714285714286,0.034416993071207935,-0.04863529096730479,105,0.036504277959695575,-0.22774375687168802
swing:rsi_reversion:BTC,swing,0.0007463375657202783,0.0,0.12896405919661733,0.22714446607493755,-0.21392553593509056,473,0.012830067273894574,-0.49709337883152993
swing:ma_cross:IWM,swing,0.0007192005459851236,0.0,0.37294015611448394,0.0812089156611926,-0.08778782219327697,1153,0.027730530718341084,-0.5122418913557059
swing:tsmom:SPY,swing,0.0007180402209332973,0.0,0.4216005204944697,0.07014467382737832,-0.10193948213307746,1537,0.030709359316771545,-0.44670953800025726
buy&hold:IEF,baseline,0.0007145267099845544,0.00097012290898979,0.5524419535628503,0.03394896546268944,-0.03158648576402734,1249,0.03586916434931564,-0.2392476386370973
swing:turn_of_month:GOLD,swing,0.0006893311581823884,0.0,0.31195079086115995,0.08842664965829417,-0.09450817884009233,1138,0.030450769798298083,-0.4616261350708073
swing:ma_cross:EEM,swing,0.0006791422542044891,0.0,0.34795613160518446,0.08594014879140643,-0.1064343471966741,1003,0.02408901713174738,-0.48349270916833986
swing:bollinger_reversion:IWM,swing,0.000660313245888418,0.0,0.08933217692974849,0.044763789488673655,-0.037911395038844886,1153,0.033972058496790414,-0.10247822551022112
buy&hold:DBC,baseline,0.000659201380809921,0.0015519834489978734,0.5230046948356808,0.15083103941722853,-0.13115217058705542,1065,0.016115920372688386,-0.7636263438400331
swing:rsi_reversion:SPY,swing,0.0006506371749041686,0.0,0.1405335068314899,0.05276410701814327,-0.0791326812364277,1537,0.032690925466533294,-0.1568240480900931
swing:rsi_reversion:NVDA,swing,0.0006448488099656508,0.0,0.12019623875715454,0.30067542639080136,-0.21399759441265787,1223,0.017410764209301766,-0.6568866610634464
swing:double_low:SPY,swing,0.0006270953066003151,0.0,0.2114508783344177,0.07150656398655642,-0.0791326812364277,1537,0.030240126757353103,-0.21212438690475433
swing:double_low:QQQ,swing,0.0005879253592526887,0.0,0.22596548890714874,0.06401077463958105,-0.07778200647470324,1217,0.02656899781165123,-0.27677733566681695
swing:ma_cross:VNQ,swing,0.0005471552299968211,0.0,0.38727076591154264,0.1461810990251129,-0.12303410622358313,927,0.01662926227251127,-0.3061397343908565
swing:donchian_breakout:VNQ,swing,0.0004933617286630133,0.0,0.3117583603020496,0.1461810990251129,-0.1045199692406582,927,0.016701691822957,-0.26546454495446015
swing:bollinger_reversion:NVDA,swing,0.0004903680149978721,0.0,0.08585445625511039,0.15991994221392902,-0.21399759441265787,1223,0.014441817170139482,-0.5357460080664227
swing:double_low:GLD,swing,0.0004896299481282998,0.0,0.17282608695652174,0.06597197481070172,-0.10298583328691813,920,0.022632492070629562,-0.38693028708472244
swing:double_low:GOLD,swing,0.0004873497352594091,0.0,0.18980667838312829,0.07009906303155322,-0.09635228647009253,1138,0.022378333786050142,-0.2863792536258939
swing:double_low:IWM,swing,0.00046077131455571357,0.0,0.18473547267996532,0.07613214966394266,-0.08867998717167158,1153,0.020367128035492232,-0.2479535898929277
swing:macd_momentum:SLV,swing,0.0004499919134156947,0.0,0.4,0.17767901166018873,-0.19776999334902134,845,-0.01206238608410204,-0.652102600446142
swing:rsi_reversion:GLD,swing,0.00044539270350031456,0.0,0.13152173913043477,0.06597197481070172,-0.07148251919849724,920,0.021637533077530913,-0.15484843911840684
swing:bollinger_reversion:EFA,swing,0.00044126523984192945,0.0,0.09926470588235294,0.04993456826473963,-0.06698604257638918,1088,0.02204342537355175,-0.1134341106816722
swing:tsmom:IWM,swing,0.00042743857189535153,0.0,0.34952298352124894,0.10039782059288993,-0.10885127569047781,1153,0.012750024648087832,-0.46665962904558655
swing:rsi_reversion:QQQ,swing,0.0004162267077968158,0.0,0.1437962202136401,0.06401077463958105,-0.07137441696629032,1217,0.01960548898474479,-0.21502681959876635
swing:double_low:EFA,swing,0.00039520906622354086,0.0,0.19301470588235295,0.05685726655811285,-0.09114343483014853,1088,0.017878361789822383,-0.22090825659806324
swing:bollinger_reversion:QQQ,swing,0.0003944584570976079,0.0,0.1076417419884963,0.06961862123479423,-0.07302419610713207,1217,0.01856534719676839,-0.33058604786128176
swing:turn_of_month:EFA,swing,0.0003907509262053608,0.0,0.2757352941176471,0.09343419198583924,-0.10650113240727876,1088,0.014637819789740547,-0.26749681956139404
swing:ma_cross:TLT,swing,0.00037741605844725056,0.0,0.3730769230769231,0.08801250097526592,-0.07693238258837132,1040,0.011914506389488544,-0.3305557208437301
buy&hold:SHY,baseline,0.00037635198570012247,0.0002415534730453306,0.5844675740592474,0.01305237095832057,-0.009404121144119482,1249,0.019770203966201993,-0.05707073596501833
swing:donchian_breakout:SPY,swing,0.0003559399434112301,0.0,0.3441769681197137,0.06806749795822187,-0.10193948213307746,1537,0.013257125049363161,-0.5945797066410529
swing:rsi_reversion:IWM,swing,0.0003520935809561747,0.0,0.10841283607979185,0.049801006946696535,-0.05335857763138552,1153,0.01661731281773804,-0.22860953007758322
swing:macd_momentum:DBC,swing,0.0003440292129143241,0.0,0.4252336448598131,0.15083103941722853,-0.06408343168317987,856,0.007881957327385392,-0.44803269766163123
swing:ma_cross:IEF,swing,0.000341535428708573,0.0,0.4125,0.03394896546268944,-0.03158648576402734,1040,0.016290732874354008,-0.16393206877759514
swing:rsi_reversion:VNQ,swing,0.00033608994440937137,0.0,0.11542610571736785,0.08793761638027431,-0.10148916947462017,927,0.01488491674637804,-0.18850153916563894
swing:rsi_reversion:EEM,swing,0.00029215071556867395,0.0,0.09272183449651047,0.0589681977608969,-0.07039777416964377,1003,0.013672216835531659,-0.19601842023969462
swing:double_low:EEM,swing,0.00028153724549377743,0.0,0.1744765702891326,0.07169544176394038,-0.0694333901452242,1003,0.010821885558834232,-0.3438494965439718
swing:bollinger_reversion:SPY,swing,0.00027891881133935395,0.0,0.08913467794404685,0.05173915900447157,-0.07439975863916226,1537,0.013481831922977028,-0.190010265978229
swing:donchian_breakout:IWM,swing,0.00027760339091118354,0.0,0.3061578490893322,0.0812089156611926,-0.10177772735599788,1153,0.006454952463141428,-0.38354719519204417
swing:turn_of_month:GLD,swing,0.0002693256140355223,0.0,0.2858695652173913,0.06033501612970005,-0.10120861754467347,920,0.00959433480736438,-0.44376982449005375
swing:turn_of_month:TLT,swing,0.0002594960169370114,0.0,0.23846153846153847,0.0608177299885011,-0.04450531751731124,1040,0.011010261181446657,-0.2427630927392216
swing:rsi_reversion:GOLD,swing,0.0002587254312169334,0.0,0.0984182776801406,0.06329416198623683,-0.07606463513190465,1138,0.011669306911543664,-0.16725961788768773
swing:donchian_breakout:GLD,swing,0.00024788266540657646,0.0,0.24239130434782608,0.08713710322050372,-0.0905744444828731,920,0.00679146897371985,-0.4382469831716638
swing:ma_cross:DBC,swing,0.00023999262541758858,0.0,0.41939252336448596,0.15083103941722853,-0.10344827074772722,856,0.0012840359843551141,-0.5141357959008483
swing:ma_cross:SHY,swing,0.00023524969280686164,0.0,0.44711538461538464,0.009910851601865556,-0.007803719689073896,1040,0.01230018013855072,-0.04491113513995337
swing:bollinger_reversion:EEM,swing,0.00023405841559613096,0.0,0.09371884346959122,0.0589681977608969,-0.07039777416964377,1003,0.010211983474892383,-0.26250109198659366
swing:donchian_breakout:IEF,swing,0.00023011121110718275,0.0,0.31634615384615383,0.03394896546268944,-0.035858962012162765,1040,0.010723953489654603,-0.21069252700798735
swing:bollinger_reversion:GLD,swing,0.00022981389348131922,0.0,0.09891304347826087,0.04803837274965961,-0.09220017094927102,920,0.010276913218341566,-0.17125153006049332
swing:tsmom:EEM,swing,0.00021318618950496023,0.0,0.3589232303090728,0.09849173046599402,-0.11912924172592343,1003,-0.0015136620528650724,-0.5380342816272435
swing:tsmom:SHY,swing,0.0002084886824699192,0.0,0.47115384615384615,0.012049322799711382,-0.009404121144119482,1040,0.010869582731309002,-0.0789607155540184
swing:macd_momentum:IWM,swing,0.00019938520231937518,0.0,0.3425845620121422,0.18256513630734927,-0.09838027787745451,1153,-0.0004292238547772831,-0.49353627728893423
swing:donchian_breakout:DBC,swing,0.00019720894596152535,0.0,0.2605140186915888,0.15083103941722853,-0.10152637850368529,856,0.0029604372229485865,-0.38918309640626525
swing:bollinger_reversion:GOLD,swing,0.00018083745220098403,0.0,0.08084358523725835,0.05620296751527709,-0.07606463513190465,1138,0.007994340560435687,-0.1650260029717684
swing:rsi_reversion:EFA,swing,0.00017727024323154297,0.0,0.08639705882352941,0.05685726655811285,-0.04561015189831841,1088,0.008001014120385008,-0.12579974508537595
swing:donchian_breakout:SHY,swing,0.00012762345896971832,0.0,0.36153846153846153,0.009910851601865556,-0.008949676570030984,1040,0.006620564433164944,-0.07845649265940757
swing:turn_of_month:DBC,swing,9.881973359256428e-05,0.0,0.272196261682243,0.15083103941722853,-0.07876651286365133,856,-0.001430414361684007,-0.47155981368601785
swing:double_low:VNQ,swing,7.437376735243287e-05,0.0,0.19093851132686085,0.07526895823110591,-0.10148916947462017,927,0.00022834483235345537,-0.41456338159429407
swing:turn_of_month:IEF,swing,5.8422709733272435e-05,0.0,0.25096153846153846,0.030175080333777693,-0.02827406173205893,1040,0.002385292243815007,-0.17075499883467626
swing:donchian_breakout:EFA,swing,4.9439787056227766e-05,0.0,0.3226102941176471,0.08347081411771407,-0.08686044664776293,1088,-0.004457082424147107,-0.44093750388811426
swing:rsi_reversion:SLV,swing,4.485446580876397e-05,0.0,0.0650887573964497,0.09896732502915495,-0.15122136354611282,845,-0.0021128604931645034,-0.42874472360490645
swing:bollinger_reversion:TLT,swing,3.4030219388742495e-05,0.0,0.08173076923076923,0.103393125590302,-0.04469452828939968,1040,0.00043715436940550134,-0.207717813522323
swing:bollinger_reversion:IEF,swing,9.43849869486155e-06,0.0,0.0673076923076923,0.014886472163011533,-0.013915894833838927,1040,0.0003806536622548151,-0.05712959135563089
swing:rsi_reversion:IEF,swing,-1.1536315495001944e-06,0.0,0.09903846153846153,0.024542727157873978,-0.0207547485386248,1040,-0.00027035828337507173,-0.0702222135024001
swing:macd_momentum:VNQ,swing,-2.8107675832081694e-06,0.0,0.34735706580366776,0.22284207923483002,-0.2619580231515303,927,-0.016814061042079165,-0.4483882467518875
swing:double_low:TLT,swing,-9.29912004986482e-06,0.0,0.15865384615384615,0.07338299820887628,-0.057830460932234984,1040,-0.0025346978443056,-0.22919907229690006
swing:double_low:IEF,swing,-1.716838732597673e-05,0.0,0.17211538461538461,0.03222890199903872,-0.025572695021613412,1040,-0.0013329963111540222,-0.15702684081361884
swing:bollinger_reversion:SLV,swing,-4.933228849346438e-05,0.0,0.0485207100591716,0.09896732502915495,-0.11436712648812197,845,-0.006455620820433827,-0.45026515784628973
swing:double_low:DBC,swing,-5.0203733366674856e-05,0.0,0.14369158878504673,0.05971040890440804,-0.08468644758649901,856,-0.005054992221604548,-0.278186159394862
swing:macd_momentum:IEF,swing,-5.125985212092999e-05,0.0,0.3403846153846154,0.03394896546268944,-0.028019225862955466,1040,-0.00407331384507148,-0.2588991808807185
swing:donchian_breakout:EEM,swing,-6.273039298225368e-05,0.0,0.2691924227318046,0.08594014879140643,-0.07826283589243888,1003,-0.011360859795072509,-0.42441138720284954
swing:rsi_reversion:SHY,swing,-6.732074422381696e-05,0.0,0.12115384615384615,0.004311493251462073,-0.009404121144119482,1040,-0.0035306722851576877,-0.07460932488033856
swing:tsmom:IEF,swing,-7.913777376356632e-05,0.0,0.35192307692307695,0.03394896546268944,-0.02800178302943157,1040,-0.00558461623894313,-0.3693197591542059
swing:bollinger_reversion:SHY,swing,-8.017144703855173e-05,0.0,0.04519230769230769,0.003998987320915415,-0.0053600795352524155,1040,-0.004192839318113761,-0.08679455306365436
swing:tsmom:TLT,swing,-0.00012099862199985616,0.0,0.3326923076923077,0.08801250097526592,-0.07693238258837132,1040,-0.013131242182339409,-0.5756578678081489
swing:rsi_reversion:DBC,swing,-0.0001598414665676914,0.0,0.07009345794392523,0.04354718843208194,-0.04255664537118686,856,-0.009355683878884524,-0.25722177995008455
swing:bollinger_reversion:DBC,swing,-0.00016036569941912043,0.0,0.052570093457943924,0.04644465372968232,-0.0689240428796013,856,-0.009596471489743297,-0.24155124052696475
swing:rsi_reversion:TLT,swing,-0.00016886790529166407,0.0,0.1,0.03918256266139952,-0.04619912134637183,1040,-0.00986485386921665,-0.3022093624467018
swing:high_52w:EEM,swing,-0.0001727996338444972,0.0,0.08280254777070063,0.06683451562235021,-0.09745537566437434,785,-0.044171656035648765,-0.1921013790331073
swing:double_low:SHY,swing,-0.0001791577354362907,0.0,0.1326923076923077,0.004311493251462073,-0.009404121144119482,1040,-0.009347497206648847,-0.1795828914493034
swing:bollinger_reversion:VNQ,swing,-0.00021489110532880111,0.0,0.08306364617044229,0.06389604395874682,-0.08868149630920108,927,-0.012975942769009707,-0.3138630780437842
swing:macd_momentum:SHY,swing,-0.00022544269497095252,0.0,0.2567307692307692,0.012049322799711382,-0.008347765520274275,1040,-0.011792320746926377,-0.25631308875931746
swing:macd_momentum:SPY,swing,-0.0002291155947201984,0.0,0.34808067664281067,0.12091548322468171,-0.1066199879689459,1537,-0.018982637611105857,-0.7492854145976544
swing:turn_of_month:SHY,swing,-0.00023945790721707557,0.0,0.20096153846153847,0.009910851601865556,-0.006909589127933269,1040,-0.012492296773720546,-0.2516993748326586
swing:bollinger_reversion:TSLA,swing,-0.00024003498692821255,0.0,0.09090909090909091,0.17906449717350936,-0.2229771738070333,627,-0.030929390316780325,-0.5844873409281547
swing:macd_momentum:TLT,swing,-0.0002474565880101481,0.0,0.33365384615384613,0.08801250097526592,-0.07693238258837132,1040,-0.01909328203971261,-0.5115698495069744
swing:macd_momentum:EFA,swing,-0.0002605058168715056,0.0,0.32996323529411764,0.09174829977330146,-0.15218722417502717,1088,-0.021792800826045733,-0.7026010678310916
swing:donchian_breakout:TLT,swing,-0.00032853026514896897,0.0,0.2567307692307692,0.08801250097526592,-0.07693238258837132,1040,-0.02250784219604529,-0.5166612700287327
swing:turn_of_month:SLV,swing,-0.0003416013393684204,0.0,0.24378698224852072,0.10714111661705839,-0.28632062510531353,845,-0.03463248496343141,-0.6111446764935731
swing:macd_momentum:EEM,swing,-0.00035180755564096823,0.0,0.3200398803589232,0.12422961137484423,-0.1193506374818033,1003,-0.030557759504442727,-0.5735301241395383
swing:double_low:TSLA,swing,-0.0005297134609920287,0.0,0.189792663476874,0.17906449717350936,-0.2238762198835057,627,-0.0641688894783159,-0.6833894860586724
swing:double_low:SLV,swing,-0.0005485737710468169,0.0,0.14319526627218934,0.09896732502915495,-0.19580652317287695,845,-0.03733105878407961,-0.5358292876788902
swing:tsmom:DBC,swing,-0.0006604943255439143,0.0,0.3855140186915888,0.15083103941722853,-0.09960448625964324,856,-0.04511210055849202,-0.7015474425051089
swing:rsi_reversion:TSLA,swing,-0.0008887132323081395,0.0,0.11004784688995216,0.12470593941091312,-0.2229771738070333,627,-0.06339928544333007,-0.6507516639175488
intraday:TJR (only 6 wks!),intraday,-0.0010978110985276717,0.009581337465056183,0.6666666666666666,0.07979260626626794,-0.10948651534918818,6,,
swing:high_52w:DBC,swing,-0.002036478171874761,0.0,0.28662420382165604,0.03906253549517191,-0.10152637850368529,157,-0.10665353309863246,-0.3799722469881378
